Date,YouTube Premium views,End screen element clicks,Dislikes,Likes,Subscribers gained,Returning viewers,Unique viewers,Impressions click-through rate (%),Impressions,Videos published,Videos added,Subscribers,Average percentage viewed (%),Views,Watch time (hours),Average view duration
Total,251,11,347,6637,1448,0,0,8.04,355026,152,152,911,2.61,41871,3446.002,0:04:56
9/9/2020,1,0,1,63,19,0,164,9.78,808,1,1,19,2.49,265,21.3367,0:04:49
9/10/2020,0,0,0,70,16,37,125,14.86,801,2,2,16,1.08,329,10.6374,0:01:56
9/11/2020,0,0,0,91,17,61,116,10.8,1046,1,1,17,1.76,254,16.8878,0:03:59
9/12/2020,2,0,1,63,4,63,91,11.43,901,1,1,3,2.15,209,17.9651,0:05:09
9/13/2020,0,0,0,57,6,58,98,9.34,846,1,1,5,2.54,155,15.5165,0:06:00
9/14/2020,1,0,0,61,3,57,64,11.4,702,1,1,2,3.26,129,16.3758,0:07:36
9/15/2020,0,0,1,30,0,37,39,8.95,313,1,1,0,6.97,57,11.7117,0:12:19
9/16/2020,0,0,1,43,0,35,37,8.51,388,1,1,0,5.37,73,11.9894,0:09:51
9/17/2020,1,0,1,32,0,31,33,8.22,292,1,1,-1,7.4,48,8.2824,0:10:21
9/18/2020,1,0,1,58,5,38,91,11.66,952,2,2,5,4.28,183,18.0156,0:05:54
9/19/2020,0,0,1,43,6,33,78,7.08,1158,2,2,6,5.77,140,15.2765,0:06:32
9/20/2020,0,0,0,29,1,44,49,6.05,958,0,0,-1,1.76,107,16.719,0:09:22
9/21/2020,0,0,1,16,3,20,27,5.11,665,1,1,3,0.9,54,1.6718,0:01:51
9/22/2020,0,0,1,27,1,27,30,6.61,635,1,1,1,5.37,64,13.8471,0:12:58
9/23/2020,0,0,0,11,0,9,15,3.05,623,1,1,0,9.45,27,3.9097,0:08:41
9/24/2020,0,0,0,12,0,17,18,5.92,439,1,1,0,6.45,39,8.2277,0:12:39
9/25/2020,0,0,1,16,1,0,26,3.72,323,1,1,1,6.52,35,6.1175,0:10:29
9/26/2020,1,0,1,19,0,20,35,5.13,429,1,1,0,5.5,51,8.1917,0:09:38
9/27/2020,0,0,0,15,0,21,24,6.4,297,1,1,0,11.91,32,15.0834,0:28:16
9/28/2020,0,0,0,12,0,16,19,3.95,354,1,1,-1,15.7,24,15.0518,0:37:37
9/29/2020,0,0,0,0,0,0,2,1.27,158,0,0,0,0.04,2,0.0019,0:00:03
9/30/2020,0,0,0,14,0,17,17,7.94,252,1,1,-4,7.29,29,4.4865,0:09:16
10/1/2020,0,0,0,20,4,25,30,7.98,501,1,1,4,6.83,62,12.9436,0:12:31
10/2/2020,0,0,1,19,1,11,18,5.59,358,1,1,1,9.76,39,11.595,0:17:50
10/3/2020,0,2,1,26,0,34,50,5.94,387,1,1,0,8.23,80,1.7755,0:01:19
10/4/2020,0,0,0,15,1,20,61,7.98,689,1,1,1,150.41,91,16.9346,0:11:09
10/5/2020,0,0,0,48,11,46,114,9.05,1448,2,2,9,2.72,262,27.0585,0:06:11
10/6/2020,2,0,5,216,132,53,532,13.47,5620,2,2,119,2.43,1185,94.2464,0:04:46
10/7/2020,4,0,7,191,133,151,767,11.45,9955,1,1,98,0.9,1902,142.8762,0:04:30
10/8/2020,1,0,4,206,65,169,620,10.58,7360,2,2,43,3.19,1483,118.7388,0:04:48
10/9/2020,4,3,14,236,102,179,759,12.56,9117,2,2,73,1.68,1747,118.298,0:04:03
10/10/2020,14,1,2,109,40,146,419,8.18,6820,1,1,35,1.92,873,62.5571,0:04:17
10/11/2020,1,0,15,179,43,209,559,10.32,8370,2,2,23,3.9,1314,118.4276,0:05:24
10/12/2020,0,0,4,92,15,181,273,8.34,5477,1,1,11,2.1,695,61.929,0:05:20
10/13/2020,7,1,5,150,34,193,387,9.89,6317,2,2,30,2.94,866,88.5248,0:06:08
10/14/2020,2,0,3,83,12,134,260,7.99,4206,1,1,7,3.41,488,42.7014,0:05:15
10/15/2020,1,1,14,53,7,120,160,7.64,3299,1,1,-4,3.05,339,41.4175,0:07:19
10/16/2020,0,1,17,54,3,119,140,7.02,2777,1,1,-2,4.46,277,47.7632,0:10:20
10/17/2020,0,0,0,1,0,0,22,2.8,963,0,0,-2,0.4,33,0.5422,0:00:59
10/18/2020,0,0,5,32,11,77,97,5.99,2471,1,1,10,3.48,196,27.8691,0:08:31
10/19/2020,0,0,3,29,2,73,83,7.08,1498,1,1,2,2.37,136,8.7384,0:03:51
10/20/2020,0,0,2,51,1,84,109,7.59,2333,1,1,-2,2.05,223,17.848,0:04:48
10/21/2020,1,0,2,58,2,100,122,9.16,1964,1,1,2,1.66,223,15.1788,0:04:05
10/22/2020,0,0,3,44,0,89,104,6.89,2045,1,1,-2,2.25,203,18.7353,0:05:32
10/23/2020,0,0,2,-8,1,0,9,1.07,934,0,0,-4,0.9,11,0.3149,0:01:43
10/24/2020,0,0,12,44,4,62,75,5.65,1964,1,1,1,3.05,161,15.0261,0:05:35
10/25/2020,0,0,0,1,2,0,7,1.02,589,0,0,0,0.22,7,0.042,0:00:21
10/26/2020,4,0,2,64,15,93,223,9.63,2502,1,1,9,3.3,368,36.5989,0:05:58
10/27/2020,0,0,0,1,1,0,17,2.17,831,0,0,1,0.41,23,0.2933,0:00:45
10/28/2020,4,0,3,52,11,76,190,9.63,2524,1,1,9,2.44,339,34.9804,0:06:11
10/29/2020,1,0,2,40,1,83,127,6.89,2132,1,1,0,3.15,239,19.9052,0:04:59
10/30/2020,0,0,1,18,0,72,77,6.6,1484,1,1,0,3.98,131,13.7174,0:06:16
10/31/2020,0,0,2,44,5,69,82,5.9,1661,1,1,4,6.7,137,29.2931,0:12:49
11/1/2020,2,0,2,68,26,79,271,11.76,3400,1,1,18,2.86,514,52.1789,0:06:05
11/2/2020,2,0,0,0,2,13,24,1.26,1191,0,0,-2,0.3,28,0.3061,0:00:39
11/3/2020,0,0,1,46,6,63,97,6.28,2342,1,1,5,3.31,204,23.2053,0:06:49
11/4/2020,3,0,6,193,53,130,422,9.54,6730,2,2,44,7.92,987,100.3223,0:06:05
11/5/2020,4,0,7,122,52,122,407,8.99,7178,1,1,43,2.07,971,65.5511,0:04:03
11/6/2020,0,0,2,14,10,45,135,6.65,2376,0,0,6,1.03,289,14.6308,0:03:02
11/7/2020,0,0,0,0,5,0,26,2.84,1020,0,0,5,0.44,37,0.7839,0:01:16
11/8/2020,0,0,0,4,3,0,16,2.01,796,0,0,1,0.5,18,0.4854,0:01:37
11/9/2020,1,0,3,53,19,77,154,6.71,2759,1,1,18,4.17,303,25.623,0:05:04
11/10/2020,0,0,0,-21,1,0,11,1.65,667,0,0,0,0.15,14,0.0489,0:00:12
11/11/2020,1,0,4,53,22,82,199,8.89,2577,1,1,15,3.22,369,30.5279,0:04:57
11/12/2020,0,0,1,46,3,76,138,8.4,1988,1,1,1,4.38,259,21.6492,0:05:00
11/13/2020,0,0,0,0,6,0,11,1.92,469,0,0,4,1,14,0.2432,0:01:02
11/14/2020,0,0,0,-2,3,0,7,2.36,381,0,0,-4,0.16,13,0.0385,0:00:10
11/15/2020,1,0,1,29,4,57,88,6.76,1435,1,1,4,3.88,148,8.5918,0:03:28
11/16/2020,0,0,4,50,16,78,173,9.67,2493,1,1,9,2.92,360,26.4883,0:04:24
11/17/2020,0,0,0,3,1,0,15,1.85,704,0,0,1,0.2,18,0.0885,0:00:17
11/18/2020,0,0,0,4,0,0,13,1.77,564,0,0,-1,0.64,22,0.3587,0:00:58
11/19/2020,0,0,0,1,2,0,9,2.27,440,0,0,1,0.13,11,0.0308,0:00:10
11/20/2020,1,0,3,30,3,60,81,7.21,1582,1,1,1,2.97,176,11.1534,0:03:48
11/21/2020,7,0,10,143,49,122,550,8.85,7458,2,2,37,4.11,1154,98.1042,0:05:06
11/22/2020,6,0,10,113,44,166,462,9.27,6722,1,1,31,1.48,1018,71.6473,0:04:13
11/23/2020,10,0,3,107,21,143,299,9.1,4043,2,2,19,2.63,633,39.6952,0:03:45
11/24/2020,2,0,1,60,27,104,206,7.75,3405,1,1,17,2.09,395,22.7586,0:03:27
11/25/2020,1,0,3,50,7,84,124,5.56,2591,1,1,6,3.27,233,18.0723,0:04:39
11/26/2020,1,0,5,33,1,70,87,6.12,2238,1,1,1,4.04,179,21.232,0:07:07
11/27/2020,0,0,0,1,2,7,9,1.83,600,0,0,0,0.07,12,0.0339,0:00:10
11/28/2020,0,0,0,0,0,0,12,2.03,541,0,0,-1,0.17,16,0.1048,0:00:23
11/29/2020,0,0,0,1,1,0,4,1.07,375,0,0,-1,0.15,5,0.0261,0:00:18
11/30/2020,0,0,1,28,2,62,71,6.47,1561,1,1,-2,3.29,126,13.2873,0:06:19
12/1/2020,3,0,1,66,11,89,230,8.3,3700,1,1,6,2.3,494,55.6922,0:06:45
12/2/2020,1,0,6,53,3,92,115,9.18,1841,1,1,-2,4.28,250,30.4064,0:07:17
12/3/2020,0,0,7,40,3,69,86,8.95,1698,1,1,2,3.75,206,30.8231,0:08:58
12/4/2020,0,0,0,3,2,7,10,1.73,577,0,0,0,0.64,16,0.3792,0:01:25
12/5/2020,0,0,0,5,0,7,7,2.22,541,0,0,-4,0.04,13,0.0212,0:00:05
12/6/2020,2,0,3,64,4,142,165,9.46,2570,1,1,-3,63.85,331,24.3336,0:04:24
12/7/2020,0,0,1,16,4,99,123,7.54,2773,0,0,1,0.4,272,10.8699,0:02:23
12/8/2020,1,0,0,56,3,54,64,8.96,1161,1,1,0,0.97,128,2.8111,0:01:19
12/9/2020,0,0,0,0,0,6,6,1.33,450,0,0,-4,0.36,8,0.1949,0:01:27
12/10/2020,5,0,1,21,1,56,78,7.69,1391,1,1,0,2.07,139,7.4726,0:03:13
12/11/2020,0,0,0,2,0,9,10,2.85,421,0,0,0,0.2,13,0.0761,0:00:21
12/12/2020,0,0,0,4,5,6,10,4.76,441,0,0,5,0.11,21,0.0806,0:00:13
12/13/2020,1,0,3,48,8,68,185,11.86,1982,1,1,6,2.46,313,19.913,0:03:49
12/14/2020,1,0,4,74,5,129,186,7.3,3480,2,2,4,3.38,379,32.3001,0:05:06
12/15/2020,0,0,1,50,12,76,100,6.17,1880,1,1,9,2.57,165,12.4432,0:04:31
12/16/2020,0,0,3,26,1,62,76,6.16,1705,1,1,-1,2.97,149,13.4842,0:05:25
12/17/2020,54,0,19,113,11,107,2328,16.07,14660,2,2,7,6.11,2902,66.5321,0:01:22
12/18/2020,26,0,11,64,6,140,1050,12.66,8777,2,2,5,2.62,1379,42.5317,0:01:51
12/19/2020,2,0,9,52,6,116,275,8.85,3987,1,1,2,3.55,454,34.6203,0:04:34
12/20/2020,2,0,2,53,5,90,175,9.51,2314,1,1,3,2.89,294,19.9106,0:04:03
12/21/2020,6,0,4,122,14,154,244,8.6,5404,2,2,11,3.55,674,66.2043,0:05:53
12/22/2020,5,0,1,96,4,157,235,7.8,4716,2,2,0,2.93,487,41.267,0:05:05
12/23/2020,3,0,1,42,2,90,144,6.7,2850,1,1,1,40.3,247,21.1007,0:05:07
12/24/2020,9,0,1,83,7,125,207,7.1,4353,2,2,3,7.13,465,51.9961,0:06:42
12/25/2020,5,0,3,99,23,116,184,6.34,4243,2,2,10,2.55,375,31.2375,0:04:59
12/26/2020,0,0,1,71,23,119,189,6.2,4066,1,1,17,22.01,350,30.7018,0:05:15
12/27/2020,5,0,3,87,8,149,236,7.74,5143,2,2,-2,2.36,525,49.3615,0:05:38
12/28/2020,1,0,1,39,6,93,115,5.33,3303,1,1,3,2.87,226,29.149,0:07:44
12/29/2020,1,0,0,31,2,94,138,6.51,2657,1,1,2,2.46,227,19.5993,0:05:10
12/30/2020,0,0,0,46,6,100,116,5.34,3560,1,1,2,3.18,256,27.4091,0:06:25
12/31/2020,0,0,2,57,3,100,135,7.59,2622,2,2,-1,1.96,283,19.8026,0:04:11
1/1/2021,2,0,1,43,0,88,95,7.35,2122,1,1,-1,3.36,202,16.2597,0:04:49
1/2/2021,1,0,20,62,2,104,134,6.01,3812,2,2,1,2.94,313,31.5719,0:06:03
1/3/2021,0,0,0,0,0,13,15,2.44,491,0,0,0,2.31,18,0.622,0:02:04
1/4/2021,0,0,0,-9,3,8,11,3.13,416,0,0,-1,0.14,15,0.0512,0:00:12
1/5/2021,0,0,0,2,1,7,9,0.89,671,0,0,1,0.37,11,0.1739,0:00:56
1/6/2021,1,0,0,-2,1,12,18,2.36,973,0,0,1,0.32,26,0.1884,0:00:26
1/7/2021,0,0,0,11,0,9,15,1.88,1115,0,0,0,1.65,26,0.8164,0:01:53
1/8/2021,0,0,0,29,3,72,95,8.29,1700,1,1,2,2.92,185,17.5155,0:05:40
1/9/2021,0,0,5,20,5,49,57,5.13,1306,1,1,3,2.85,99,4.2707,0:02:35
1/10/2021,0,0,0,11,0,9,16,5.94,657,0,0,-1,1.73,41,1.8962,0:02:46
1/11/2021,0,0,0,0,1,2,11,3.17,442,0,0,1,0.68,18,0.1879,0:00:37
1/12/2021,0,0,1,43,1,69,83,4.4,3183,1,1,1,4.74,181,30.1102,0:09:58
1/13/2021,0,0,1,-1,1,3,6,1.38,508,0,0,0,0.39,7,0.0505,0:00:25
1/14/2021,0,0,2,18,2,62,67,7.07,1470,1,1,1,1.89,126,7.224,0:03:26
1/15/2021,0,0,0,0,0,8,13,3.1,323,0,0,0,0.88,14,0.2566,0:01:05
1/16/2021,1,0,0,2,1,39,48,7.22,928,1,1,0,3.31,79,5.3353,0:04:03
1/17/2021,0,0,0,3,1,4,7,1.61,498,0,0,0,0.73,9,0.1383,0:00:55
1/18/2021,0,0,0,0,0,1,2,0.7,285,0,0,0,1.35,2,0.0024,0:00:04
1/19/2021,0,0,2,20,1,46,48,5.61,1016,1,1,-2,3.25,72,6.5071,0:05:25
1/20/2021,0,0,0,0,0,4,8,2.31,433,0,0,-4,5.47,13,1.2789,0:05:54
1/21/2021,0,0,0,-2,1,7,8,1.2,251,0,0,-1,0.29,9,0.0635,0:00:25
1/22/2021,0,0,0,-1,0,2,6,2.92,240,0,0,0,0.86,8,0.1779,0:01:20
1/23/2021,0,0,0,1,0,6,10,2.04,538,0,0,0,0.84,13,0.1851,0:00:51
1/24/2021,0,0,0,-1,1,5,7,1.75,228,0,0,1,1.46,7,0.1318,0:01:07
1/25/2021,0,0,0,0,0,3,4,1.2,249,0,0,0,0.41,4,0.0249,0:00:22
1/26/2021,1,0,1,-3,0,3,7,1.75,342,0,0,-1,0.34,7,0.0691,0:00:35
1/27/2021,0,0,0,16,1,1,6,2.15,186,0,0,0,0.3,28,0.2626,0:00:33
1/28/2021,0,0,0,0,0,2,6,2.91,206,0,0,0,1.27,7,0.0762,0:00:39
1/29/2021,0,0,0,1,0,2,7,4.21,214,0,0,0,0.17,11,0.0367,0:00:12
1/30/2021,0,0,0,-3,0,2,6,2.46,244,0,0,-2,7.14,8,1.2077,0:09:03
1/31/2021,0,0,0,1,0,1,5,2.56,195,0,0,0,31.91,5,0.1402,0:01:40
2/1/2021,1,0,0,21,0,49,57,6.01,1331,1,1,-3,4.72,110,12.2942,0:06:42
2/2/2021,2,0,0,23,3,47,66,5.06,1404,1,1,1,5.71,104,13.0329,0:07:31
2/3/2021,0,0,0,16,4,41,58,4.46,1077,1,1,4,7.42,72,6.0097,0:05:00
2/4/2021,0,0,0,-5,1,0,1,0.6,336,0,0,-2,0.74,2,0.0089,0:00:15
2/5/2021,0,0,0,0,0,0,2,0.58,171,0,0,-1,1.19,2,0.0154,0:00:27
2/6/2021,0,0,0,0,0,1,6,1.74,518,0,0,0,0.15,11,0.0425,0:00:13
2/7/2021,0,0,0,0,0,0,5,2.35,170,0,0,-2,2.14,5,0.0772,0:00:55
2/8/2021,0,0,0,1,1,2,7,3.25,154,0,0,-1,0.58,7,0.0655,0:00:33
2/9/2021,0,0,0,0,1,2,4,2.16,185,0,0,0,0.52,4,0.0215,0:00:19
2/10/2021,0,0,0,15,2,34,47,7.25,910,1,1,0,4.56,96,12.758,0:07:58
2/11/2021,0,0,0,19,0,40,45,4.35,851,1,1,-3,3.28,63,5.5735,0:05:18
2/12/2021,0,0,0,0,0,3,5,1.37,291,0,0,0,0.65,5,0.0712,0:00:51
2/13/2021,0,0,0,2,0,3,6,2.34,214,0,0,-1,0.32,7,0.0697,0:00:35
2/14/2021,0,0,0,2,0,5,10,3.62,359,0,0,-1,0.42,13,0.0956,0:00:26
2/15/2021,1,0,0,20,1,39,54,5.64,957,1,1,-2,3.63,83,11.4758,0:08:17
2/16/2021,0,0,1,-1,4,37,41,5.23,842,1,1,2,6.46,56,11.6405,0:12:28
2/17/2021,0,0,0,1,0,4,6,2.21,181,0,0,0,0.26,6,0.042,0:00:25
2/18/2021,0,0,0,0,0,3,4,2.16,139,0,0,0,0.29,4,0.0279,0:00:25
2/19/2021,0,0,0,0,0,1,2,0.92,217,0,0,-2,0.2,2,0.0104,0:00:18
2/20/2021,0,0,0,0,2,1,2,1.23,163,0,0,2,0.03,2,0.0018,0:00:03
2/21/2021,0,0,0,0,0,0,1,0.32,313,0,0,0,0.02,1,0.0014,0:00:05
2/22/2021,0,0,0,0,0,1,2,1.45,275,0,0,-1,0.09,4,0.0167,0:00:15
2/23/2021,0,0,0,8,1,4,7,2.29,350,0,0,-2,0.21,18,0.1319,0:00:26
2/24/2021,0,0,0,2,0,4,5,2.35,213,0,0,-2,0.61,6,0.1034,0:01:02
2/25/2021,0,0,0,0,0,1,4,1.42,423,0,0,0,0.26,6,0.0429,0:00:25
2/26/2021,0,0,1,0,1,0,10,4.74,211,0,0,1,2.08,10,0.1136,0:00:40
2/27/2021,0,0,0,0,1,0,11,2.74,365,0,0,0,13.32,12,0.1326,0:00:39
2/28/2021,0,0,0,0,2,0,6,3.07,163,0,0,2,2.11,6,0.0751,0:00:45
3/1/2021,0,0,0,-11,0,3,7,3.57,196,0,0,0,0.41,7,0.0614,0:00:31
3/2/2021,0,0,0,0,0,1,2,2.5,80,0,0,0,0.18,2,0.0106,0:00:19
3/3/2021,0,0,0,0,1,1,2,1.53,131,0,0,0,0.02,2,0.0011,0:00:02
3/4/2021,0,0,0,0,3,0,2,0.79,254,0,0,-1,0.98,2,0.0321,0:00:57
3/5/2021,0,0,0,1,0,2,8,5.88,136,0,0,0,1.47,8,0.101,0:00:45
3/6/2021,0,0,0,2,0,0,7,8.2,122,0,0,-1,0.63,10,0.0637,0:00:22
3/7/2021,1,0,0,0,0,1,8,2.55,196,0,0,0,5.25,9,0.4431,0:02:57
3/8/2021,0,0,0,-20,2,0,5,2,200,0,0,1,1.43,5,0.1059,0:01:16
3/9/2021,0,0,0,0,1,1,6,4.29,163,0,0,0,0.89,8,0.0916,0:00:41
3/10/2021,0,0,0,0,3,2,5,2.19,183,0,0,2,0.16,5,0.0305,0:00:21
3/11/2021,0,0,0,0,0,0,0,0,81,0,0,-1,0,0,0,0:00:00
3/12/2021,0,0,0,0,1,0,2,1.26,159,0,0,0,41.69,2,0.0748,0:02:14
3/13/2021,0,0,0,-1,0,0,3,2.27,88,0,0,0,7.38,3,0.0199,0:00:23
3/14/2021,0,0,0,0,2,3,4,2.74,146,0,0,1,0.22,6,0.0414,0:00:24
3/15/2021,0,0,0,-2,0,8,11,2.79,323,1,1,0,6.94,13,0.5568,0:02:34
3/16/2021,0,0,0,19,1,46,70,6.06,1583,0,0,-2,3.4,131,13,0:05:57
3/17/2021,0,0,0,0,0,1,1,0.55,181,0,0,-2,0.06,1,0.0016,0:00:05
3/18/2021,0,0,0,1,0,2,5,1.49,402,0,0,0,0.47,8,0.095,0:00:42
3/19/2021,0,0,0,0,0,2,6,2.05,195,0,0,-2,0.69,6,0.0611,0:00:36
3/20/2021,0,0,0,1,0,3,6,2.96,203,0,0,-2,0.27,6,0.0239,0:00:14
3/21/2021,0,0,0,1,1,2,6,2.32,302,0,0,1,3.06,7,0.443,0:03:47
3/22/2021,0,0,0,-1,1,1,2,1.25,160,0,0,1,2.87,2,0.1199,0:03:35
3/23/2021,0,0,0,-1,0,0,5,3.65,137,0,0,0,0.72,5,0.0514,0:00:37
3/24/2021,0,0,0,0,0,1,2,1.96,358,0,0,0,0.22,8,0.0501,0:00:22
3/25/2021,0,0,0,0,1,1,3,1.57,191,0,0,-1,23.78,4,1.5522,0:23:17
3/26/2021,0,0,0,1,0,3,4,2.7,148,0,0,-1,0.51,5,0.079,0:00:56
3/27/2021,0,0,0,0,0,2,2,1.38,145,0,0,0,0.36,2,0.0223,0:00:40
3/28/2021,0,0,0,0,0,1,2,0.94,106,0,0,0,0.06,2,0.0017,0:00:03
3/29/2021,0,0,0,-1,1,0,4,3.01,133,0,0,0,1.41,4,0.0804,0:01:12
3/30/2021,0,0,0,0,1,1,3,4.27,117,0,0,1,0.27,5,0.0366,0:00:26
3/31/2021,0,0,0,-1,1,1,2,2.63,76,0,0,0,0.08,3,0.0085,0:00:10
4/1/2021,0,0,1,32,7,36,63,7.2,1056,1,1,5,3.57,104,11.887,0:06:51
4/2/2021,1,0,2,21,1,34,52,4.1,1681,1,1,0,4.86,96,20.8562,0:13:02
4/3/2021,1,0,0,20,3,41,64,7.79,1156,1,1,0,3.39,105,12.8927,0:07:22
4/4/2021,3,0,1,15,0,37,54,5.59,1128,1,1,-3,2.33,90,9.8515,0:06:34
4/5/2021,1,0,0,13,1,39,48,6.35,851,1,1,1,4.08,76,8.1795,0:06:27
4/6/2021,0,0,0,1,0,2,5,5.24,210,0,0,0,1.59,12,0.5603,0:02:48
4/7/2021,0,0,0,0,0,2,5,1.86,215,0,0,0,0.36,5,0.0412,0:00:29
4/8/2021,0,0,0,14,0,29,36,5.36,802,1,1,0,6.84,51,9.0662,0:10:39
4/9/2021,0,0,0,0,0,2,4,5.13,156,0,0,-1,1.14,8,0.3202,0:02:24
4/10/2021,0,0,0,-1,1,3,3,1.95,257,0,0,1,4.41,5,0.7142,0:08:34
4/11/2021,0,0,0,1,2,0,1,0.52,194,0,0,1,0.07,1,0.0019,0:00:06
4/12/2021,0,0,0,0,1,1,3,2.27,88,0,0,0,2.96,3,0.0889,0:01:46
4/13/2021,0,0,0,0,0,2,4,2.6,154,0,0,0,0.5,6,0.0697,0:00:41
4/14/2021,0,0,0,0,0,0,1,1.3,77,0,0,0,9.88,1,0.0089,0:00:31
4/15/2021,0,0,0,8,1,14,18,4.43,316,1,1,-1,9.53,23,4.5637,0:11:54
4/16/2021,0,0,1,14,1,33,50,5.06,1086,1,1,1,4.96,70,7.0926,0:06:04
4/17/2021,0,0,0,1,1,2,6,1.91,366,0,0,1,1.77,9,0.2658,0:01:46
4/18/2021,0,0,0,1,0,1,4,1.17,342,0,0,0,0.06,6,0.0155,0:00:09
4/19/2021,1,0,0,16,2,33,39,6.54,719,1,1,0,3.32,65,8.7435,0:08:04
4/20/2021,0,0,0,18,0,27,32,5.74,592,1,1,-1,5.07,45,4.8467,0:06:27
4/21/2021,0,0,4,20,1,40,47,5.42,1051,1,1,-1,3.58,78,14.7824,0:11:22
4/22/2021,1,0,1,28,16,32,95,7.94,1260,1,1,11,1.99,144,18.5129,0:07:42
4/23/2021,0,0,0,25,0,40,49,6.8,941,1,1,0,2.77,81,10.6575,0:07:53
4/24/2021,0,0,0,19,1,34,41,4.17,1366,1,1,0,3.73,69,16.6836,0:14:30
4/25/2021,0,0,0,2,0,6,8,2.9,241,0,0,0,0.56,9,0.3028,0:02:01
4/26/2021,0,0,1,45,7,76,105,8.97,1550,1,1,5,1.78,185,19.327,0:06:16
4/27/2021,1,0,3,81,3,75,108,8.99,2613,3,3,1,2.14,299,26.9899,0:05:24
4/28/2021,1,1,0,40,1,52,67,7.61,1880,3,3,-1,12.23,175,12.8978,0:04:25
4/29/2021,2,1,0,37,8,88,135,7.95,3510,1,1,5,0.94,324,30.3251,0:05:36
4/30/2021,0,0,1,31,0,58,73,5.17,2420,3,3,0,3.03,158,13.2454,0:05:01
5/1/2021,2,0,0,11,1,33,105,9.83,905,1,1,1,2.73,176,21.013,0:07:09
5/2/2021,3,0,0,18,3,35,66,11.16,995,1,1,3,4.63,145,27.6264,0:11:25
5/3/2021,10,0,3,32,3,46,640,11.65,1365,1,1,2,3.09,789,41.7346,0:03:10
5/4/2021,1,0,0,33,2,35,77,9.09,1507,2,2,1,4.47,168,28.6413,0:10:13
5/5/2021,8,0,0,16,1,40,57,9.61,1561,1,1,1,2.34,187,29.0032,0:09:18
5/6/2021,1,0,0,1,0,5,9,2.95,237,0,0,0,0.91,23,0.6142,0:01:36
5/7/2021,4,0,0,27,0,35,46,8.15,945,2,2,0,3.94,128,16.1735,0:07:34
5/8/2021,8,0,0,28,1,38,57,8.32,901,2,2,1,5.14,142,10.663,0:04:30
5/9/2021,4,0,0,18,3,35,62,8.91,976,1,1,3,3.41,136,15.6586,0:06:54
5/10/2021,2,0,0,10,2,38,48,8.08,780,1,1,2,4.05,93,14.8585,0:09:35
5/11/2021,1,0,1,16,0,34,56,7.32,1202,1,1,0,3.5,117,18.931,0:09:42
5/12/2021,3,0,1,37,2,46,62,5.74,1584,2,2,2,5.45,145,16.9029,0:06:59
5/13/2021,2,0,0,14,0,28,38,8.11,678,1,3,-1,4.65,77,12.3487,0:09:37
5/14/2021,1,0,1,17,2,21,34,7.92,606,1,1,2,4.75,74,12.4806,0:10:07
5/15/2021,3,0,0,20,1,28,54,9.79,674,1,1,1,6.31,81,13.0295,0:09:39
5/16/2021,6,0,0,42,1,28,95,11.67,1071,1,1,1,6.29,158,14.5588,0:05:31
5/17/2021,7,0,1,31,7,37,156,11.83,1505,1,1,7,4.43,244,20.9988,0:05:09
5/18/2021,0,0,1,17,0,28,70,10.87,929,1,1,0,4.29,127,16.5839,0:07:50
5/19/2021,1,0,1,17,4,39,57,9.31,967,1,1,3,4.06,108,13.1646,0:07:18
5/20/2021,2,0,0,17,1,33,44,7.29,727,1,1,-1,5.93,74,6.4297,0:05:12
5/21/2021,2,0,0,19,4,36,64,6.51,1567,1,1,4,3.48,155,19.5371,0:07:33
5/22/2021,5,0,1,16,1,26,47,8.11,876,1,1,1,3.72,103,14.4506,0:08:25
5/23/2021,2,0,0,16,2,31,67,7.16,1326,1,1,2,3.92,140,17.3583,0:07:26
5/24/2021,12,1,0,25,3,38,144,8.73,2166,1,1,3,3.94,255,23.0163,0:05:24
5/25/2021,4,0,0,19,2,41,96,9.07,1467,1,1,1,3.5,172,17.3099,0:06:02
5/26/2021,2,0,0,6,0,5,27,3.85,494,0,0,0,5.43,30,1.3979,0:02:47
5/27/2021,7,0,0,25,6,44,104,8.3,1831,1,1,5,2.96,203,19.1502,0:05:39
5/28/2021,6,0,0,34,5,67,122,7.25,1475,1,2,3,11.22,203,10.4583,0:03:05
5/29/2021,2,0,0,23,3,50,86,8.87,1093,1,1,3,6.09,135,11.4421,0:05:05
5/30/2021,5,0,0,14,3,48,87,6.96,1883,1,1,2,2.77,178,16.2958,0:05:29
5/31/2021,3,0,0,17,5,49,80,7.28,2019,1,1,5,2.72,198,21.2548,0:06:26
6/1/2021,2,0,0,23,1,45,73,7.94,1448,1,1,0,3.54,157,18.3665,0:07:01
6/2/2021,2,0,0,12,3,24,58,7.34,954,1,1,3,6.63,89,8.2143,0:05:32
6/3/2021,1,0,0,18,0,3,33,9.06,298,0,0,0,1.11,60,0.9701,0:00:58
6/4/2021,5,0,0,23,4,53,71,8.13,1476,1,1,3,2.98,152,16.9761,0:06:42
6/5/2021,0,0,0,17,1,43,72,8.63,1112,1,1,0,3.11,136,13.4823,0:05:56
6/6/2021,5,0,4,24,7,43,75,7.04,1164,2,2,7,4.72,162,8.4681,0:03:08
6/7/2021,3,0,0,31,2,56,72,9.13,1326,1,2,2,4.18,171,16.1713,0:05:40
6/8/2021,3,0,-1,26,7,63,78,8.79,1501,1,1,6,3.45,186,20.1403,0:06:29
6/9/2021,4,1,0,30,1,64,81,7.81,1383,2,2,1,4.16,184,16.6958,0:05:26
6/10/2021,12,0,3,58,7,59,427,7.91,2314,2,2,6,2.68,556,15.8975,0:01:42
6/11/2021,1,0,0,14,5,33,51,7.36,978,1,1,5,3.64,106,4.0063,0:02:16
6/12/2021,0,0,0,1,2,11,34,4.96,585,0,0,1,3.85,42,0.5538,0:00:47
6/13/2021,3,0,0,13,1,50,65,7.42,1267,1,1,1,2.2,127,9.0148,0:04:15
6/14/2021,1,0,0,19,3,52,94,7.72,1853,1,1,3,2.19,200,17.3474,0:05:12
6/15/2021,2,0,0,28,5,57,82,11.59,1303,1,1,5,2.48,184,16.0683,0:05:14
6/16/2021,1,0,0,4,0,10,19,3.14,414,0,0,-1,4.45,24,1.0865,0:02:42
6/17/2021,0,0,0,1,2,4,12,5.71,350,0,0,2,0.79,27,0.5502,0:01:13
6/18/2021,4,0,0,31,0,53,79,7.67,1748,1,1,0,3.25,175,21.4669,0:07:21
6/19/2021,1,0,1,34,7,59,84,9.91,1393,2,2,2,2.92,190,15.3944,0:04:51
6/20/2021,16,0,1,36,0,41,510,8.88,1014,1,1,-1,3.7,610,12.8798,0:01:16
6/21/2021,0,0,0,24,2,54,91,4.65,3227,1,1,2,2.83,193,20.5865,0:06:23
6/22/2021,2,0,0,31,5,65,95,8.09,2225,1,1,4,2.66,228,25.5248,0:06:43
6/23/2021,5,2,0,35,4,61,72,9.13,1675,1,2,4,3,195,16.2699,0:05:00
6/24/2021,1,0,0,21,1,53,57,7.94,982,1,1,1,3.72,121,16.0556,0:07:57
6/25/2021,2,0,2,23,1,60,71,13.63,1064,1,1,0,2.91,181,21.8699,0:07:14
6/26/2021,11,1,1,45,6,76,156,11.46,1989,2,2,6,3.35,297,22.457,0:04:32
6/27/2021,5,0,6,37,2,88,148,12.29,1807,1,1,1,3.42,290,31.8836,0:06:35
6/28/2021,1,0,0,8,2,17,35,3.68,787,0,0,2,1.65,58,1.1494,0:01:11
6/29/2021,4,0,1,26,6,73,86,10.74,1481,1,1,5,2.7,210,25.5862,0:07:18
6/30/2021,3,0,1,31,0,56,77,10.16,1043,2,2,0,5.36,156,9.7699,0:03:45
7/1/2021,1,0,1,28,2,52,82,9.35,1262,1,1,2,3,155,13.8024,0:05:20
7/2/2021,0,0,0,40,4,78,96,9.7,1681,1,1,4,2.89,214,22.5295,0:06:19
7/3/2021,4,0,0,28,0,67,75,11.31,778,1,1,0,5.05,127,13.5628,0:06:24
7/4/2021,2,0,1,18,0,43,60,9.89,799,1,1,0,3.39,97,6.8407,0:04:13
7/5/2021,1,0,0,3,0,4,23,4.92,427,0,0,0,2.83,34,0.9746,0:01:43
7/6/2021,0,0,1,28,1,58,83,9.89,1396,1,1,1,3.41,185,18.7605,0:06:05
7/7/2021,15,0,2,48,2,64,335,12.97,1326,2,2,2,2.19,538,18.7703,0:02:05
7/8/2021,18,0,1,67,4,92,533,14.95,1719,2,2,4,2.75,730,26.9181,0:02:12
7/9/2021,1,0,1,38,2,68,108,16.02,1211,2,2,2,2.36,253,14.6252,0:03:28
7/10/2021,53,0,4,79,4,73,1203,9.66,3396,1,1,3,2.57,1498,29.4076,0:01:10
7/11/2021,2,0,0,23,0,41,54,6.65,1188,1,1,0,2.41,115,7.7101,0:04:01
7/12/2021,5,0,1,40,2,60,269,9.69,1836,1,1,2,3.68,409,25.9731,0:03:48
7/13/2021,14,0,2,43,1,84,309,11.63,1745,1,1,0,2.44,450,21.494,0:02:51
7/14/2021,3,0,2,38,2,73,98,10.51,1561,1,1,2,2.97,223,27.0375,0:07:16
7/15/2021,2,1,1,33,4,51,74,10.02,958,1,1,4,4.38,150,10.3291,0:04:07
7/16/2021,2,0,0,37,6,83,165,10.92,2125,1,1,5,3.98,304,22.0194,0:04:20
7/17/2021,6,0,1,41,8,88,203,10.32,2094,2,2,7,10.22,349,11.9524,0:02:03
7/18/2021,1,0,1,35,0,67,125,10.86,1353,1,1,-2,5.16,208,12.2742,0:03:32
7/19/2021,9,0,3,49,6,91,194,10.44,2145,1,1,6,3.31,344,27.9151,0:04:52
7/20/2021,30,1,4,42,11,70,602,7.52,2115,1,1,8,4.34,683,16.1864,0:01:25
7/21/2021,4,0,1,51,5,99,193,10.63,2229,1,1,4,2.4,345,22.7237,0:03:57
7/22/2021,3,0,0,26,2,56,94,10.33,939,1,2,2,6.03,154,4.4158,0:01:43
7/23/2021,64,0,2,80,2,136,1488,10.52,1844,1,1,2,3.18,1648,25.5614,0:00:55
7/24/2021,2,1,0,24,1,82,97,11.82,1125,1,1,0,4.57,186,12.2209,0:03:56
7/25/2021,1,0,0,2,1,20,28,5.86,461,0,0,1,3.69,35,1.256,0:02:09
7/26/2021,0,0,1,45,2,98,119,10.24,1866,2,2,2,2.53,277,18.2917,0:03:57
7/27/2021,2,0,1,46,0,90,107,9.58,1805,1,1,0,2.68,262,18.7418,0:04:17
7/28/2021,0,0,0,21,0,44,59,6.26,847,1,1,0,6.06,84,7.923,0:05:39
7/29/2021,1,0,1,37,4,77,90,9.17,1593,1,1,4,2.55,192,14.8405,0:04:38
7/30/2021,0,0,0,0,0,7,13,3.93,305,0,0,0,2.57,17,0.8698,0:03:04
7/31/2021,2,0,0,37,1,93,99,9.98,1624,1,1,0,2.91,194,16.1506,0:04:59
8/1/2021,0,0,0,24,1,58,62,7.71,1129,1,1,1,3.66,114,9.2932,0:04:53
8/2/2021,4,0,1,34,3,93,103,11.33,1748,1,1,2,2.69,242,25.2277,0:06:15
8/3/2021,2,0,0,27,1,62,85,9.86,1380,1,1,1,2.55,167,12.302,0:04:25
8/4/2021,0,0,0,28,0,70,80,8.98,1514,1,1,0,2.1,174,13.6236,0:04:41
8/5/2021,3,0,0,27,0,66,91,8.71,1653,1,1,0,2.71,203,17.5467,0:05:11
8/6/2021,7,0,1,65,1,107,143,10.05,2329,2,2,1,3.62,322,21.2324,0:03:57
8/7/2021,0,0,0,5,2,22,47,8.3,879,0,0,2,3.52,99,4.1406,0:02:30
8/8/2021,0,0,0,3,0,12,21,4.25,565,0,0,0,4.23,41,2.2058,0:03:13
8/9/2021,3,1,0,4,3,24,71,7.35,980,0,0,3,8.02,98,4.6814,0:02:51
8/10/2021,16,1,0,56,5,108,187,10.32,2510,2,2,4,4.37,361,18.6658,0:03:06
8/11/2021,11,0,1,34,1,81,125,10.27,1490,1,1,1,3.35,188,13.9028,0:04:26
8/12/2021,8,0,2,54,3,112,150,10.05,2378,2,2,3,2.77,304,25.3901,0:05:00
8/13/2021,11,0,1,52,11,105,169,8.58,2774,1,1,10,3.29,329,23.6975,0:04:19
8/14/2021,4,0,1,8,2,30,79,7.75,1161,0,0,2,4,127,4.4337,0:02:05
8/15/2021,5,0,0,30,0,66,143,8.16,1655,1,1,0,2.7,207,7.6895,0:02:13
8/16/2021,6,1,4,38,3,93,148,11.6,1914,1,1,0,2.74,273,23.213,0:05:06
8/17/2021,5,0,2,55,6,93,155,10.59,2342,1,1,5,3.46,323,26.3637,0:04:53
8/18/2021,7,0,2,40,1,100,152,11.92,1779,1,1,1,3.08,265,24.7532,0:05:36
8/19/2021,1,0,2,52,4,106,158,10.97,2433,1,1,4,2.68,349,31.4388,0:05:24
8/20/2021,7,0,1,51,1,104,133,10.19,2119,1,1,0,2.65,282,27.8389,0:05:55
8/21/2021,2,1,2,34,1,81,102,10.26,1442,1,1,1,2.84,190,19.3692,0:06:06
8/22/2021,28,0,6,77,2,113,702,9.73,1798,2,2,1,4.37,870,21.1769,0:01:27
8/23/2021,13,0,3,72,2,110,304,9.61,2070,1,1,-1,3.19,453,24.6073,0:03:15
8/24/2021,9,0,1,51,5,111,137,10.6,2010,1,1,5,2.56,305,26.1141,0:05:08
8/25/2021,12,0,4,64,1,99,189,10.23,2044,3,3,0,3.58,373,17.505,0:02:48
8/26/2021,12,0,0,36,1,99,206,7.5,1506,0,0,1,5.95,298,5.123,0:01:01
8/27/2021,17,0,1,16,0,34,283,7.04,753,0,0,0,9.35,314,3.7135,0:00:42
8/28/2021,8,0,2,51,6,109,182,10.75,1962,2,2,6,2.97,321,14.9618,0:02:47
8/29/2021,6,0,3,45,2,90,127,12.25,1551,1,1,2,3.02,243,21.3769,0:05:16
8/30/2021,0,0,0,2,1,20,40,6.01,616,0,0,1,4.72,47,1.4263,0:01:49
8/31/2021,0,0,0,2,1,16,39,5.02,438,0,0,1,5.86,42,1.3342,0:01:54
9/1/2021,8,0,1,28,0,80,92,13.03,1190,1,1,0,2.87,193,19.6298,0:06:06
9/2/2021,5,0,1,45,14,91,118,10.46,1587,1,1,13,2.72,222,19.8946,0:05:22
9/3/2021,2,0,0,28,1,75,88,8.48,1356,0,1,1,3.2,149,11.2697,0:04:32
9/4/2021,10,0,0,49,3,98,151,9.29,1851,2,2,3,3.04,265,12.1111,0:02:44
9/5/2021,17,0,1,56,2,83,261,8.34,1606,1,1,2,3.7,367,22.3764,0:03:39
9/6/2021,23,0,0,60,15,93,402,9.23,1897,1,1,12,2.47,532,17.2671,0:01:56
9/7/2021,11,0,2,62,1,91,468,9.06,2075,1,1,-2,2.61,591,23.2049,0:02:21
9/8/2021,16,0,1,41,3,98,207,8.64,2361,1,1,3,2.44,316,25.2058,0:04:47
9/9/2021,0,0,0,0,1,12,34,6.72,372,0,0,1,5.72,42,1.6282,0:02:19
9/10/2021,0,0,0,0,0,8,16,4.75,316,0,0,0,2.03,21,0.4651,0:01:19
9/11/2021,0,0,0,1,1,10,29,4.76,694,0,0,1,5.98,40,1.7976,0:02:41
9/12/2021,4,0,2,39,0,84,109,12.52,1302,2,2,0,3.22,256,18.1194,0:04:14
9/13/2021,33,0,5,83,2,96,827,9.67,1531,1,1,2,4.23,976,23.1509,0:01:25
9/14/2021,64,0,7,78,1,96,860,8.85,1751,1,1,0,3.87,996,30.781,0:01:51
9/15/2021,8,0,1,25,1,56,136,9.74,1222,0,0,1,5.15,208,4.7072,0:01:21
9/16/2021,5,0,3,53,0,91,118,8.71,2318,2,2,0,2.58,275,24.082,0:05:15
9/17/2021,13,2,1,39,0,82,107,10.98,1403,1,1,0,2.96,211,16.1342,0:04:35
9/18/2021,4,0,0,25,0,77,114,9.44,1546,1,1,0,3.08,217,11.5373,0:03:11
9/19/2021,7,0,0,36,2,93,116,7.62,2086,1,1,1,2.87,205,22.049,0:06:27
9/20/2021,8,0,0,54,5,110,133,8.91,2558,2,2,3,3.88,282,22.6957,0:04:49
9/21/2021,19,0,1,58,4,128,157,9.33,2949,2,2,4,1.87,397,31.9295,0:04:49
9/22/2021,1,0,0,5,1,32,51,7.3,562,0,0,1,2.03,76,1.66,0:01:18
9/23/2021,8,1,0,45,1,105,134,7.68,2525,1,1,0,2.2,278,22.6564,0:04:53
9/24/2021,17,0,1,54,3,126,246,5.28,5964,1,1,2,2.59,405,28.1899,0:04:10
9/25/2021,3,0,1,64,4,122,218,5.93,4249,3,3,3,4.25,361,18.4457,0:03:03
9/26/2021,18,4,0,78,5,122,204,6.21,3460,0,1,5,10.21,385,10.65,0:01:39
9/27/2021,2,2,0,56,10,145,217,7.23,3665,1,1,8,3.3,418,30.3376,0:04:21
9/28/2021,16,1,0,64,2,134,184,7.79,4303,1,2,1,2.05,459,43.6643,0:05:42
9/29/2021,11,1,3,70,15,152,245,11,2845,2,2,12,2.24,506,23.3772,0:02:46
9/30/2021,34,0,2,71,15,112,662,7.6,3303,1,1,6,2.46,899,25.6337,0:01:42
10/1/2021,12,0,2,71,5,98,762,8.44,2120,1,1,5,2.95,866,18.1536,0:01:15
10/2/2021,4,0,0,24,1,57,74,5.92,1386,1,1,0,6.15,121,7.5055,0:03:43
10/3/2021,4,1,1,31,3,87,114,9.01,2108,1,1,1,3.11,263,23.9766,0:05:28
10/4/2021,12,0,0,52,2,118,140,7.02,2677,1,1,2,4.24,256,30.4216,0:07:07
10/5/2021,27,0,1,61,3,135,284,11.17,3124,2,2,3,3.28,508,24.8691,0:02:56
10/6/2021,15,0,0,39,3,99,272,9.38,3018,1,1,1,3.31,402,18.5459,0:02:46
10/7/2021,14,0,1,59,10,124,181,8.51,2951,1,1,8,2.33,323,25.626,0:04:45
10/8/2021,15,0,0,46,4,116,140,7.91,2453,3,1,2,3.21,288,31.2943,0:06:31
10/9/2021,5,0,0,56,3,104,137,8.49,1932,2,2,3,4.77,251,11.9845,0:02:51
10/10/2021,4,0,0,63,31,104,159,7.35,2571,2,2,19,3.13,303,10.4118,0:02:03
10/11/2021,17,0,-1,70,15,140,207,7.3,3835,0,1,5,3.72,403,35.9662,0:05:21
10/12/2021,16,0,3,53,5,122,178,6.78,3010,1,1,1,3.42,312,31.7141,0:06:05
10/13/2021,9,0,0,53,2,136,173,8.47,2456,1,1,0,3.48,296,21.1942,0:04:17
10/14/2021,22,0,1,59,6,105,361,9.24,2024,0,1,6,4,470,19.7563,0:02:31
10/15/2021,31,0,0,53,2,102,299,7.62,2256,2,1,1,3.32,404,17.1029,0:02:32
10/16/2021,13,0,0,48,2,139,169,8.6,2499,1,1,2,2.25,300,19.2899,0:03:51
10/17/2021,0,0,1,1,1,19,32,6.64,587,0,0,1,1.47,61,0.899,0:00:53
10/18/2021,20,0,1,72,5,150,182,9.2,2935,2,2,1,2.88,389,25.9193,0:03:59
10/19/2021,7,0,2,54,11,125,159,6.7,2643,1,1,9,3.76,270,24.8112,0:05:30
10/20/2021,9,0,1,43,6,109,147,6.93,2669,1,1,3,3.33,275,21.4486,0:04:40
10/21/2021,20,0,2,22,1,36,396,6.57,731,0,0,1,4.81,434,2.5983,0:00:21
10/22/2021,17,0,0,50,1,117,355,8.75,2285,1,1,-1,3.8,461,25.9468,0:03:22
10/23/2021,13,1,0,51,2,129,179,7.3,3370,1,1,2,2.22,336,24.3485,0:04:20
10/24/2021,10,1,1,52,14,93,123,9.12,1414,1,1,12,3.68,244,3.4887,0:00:51
10/25/2021,2,2,2,4,1,25,48,5.4,685,0,0,0,3.07,80,1.1026,0:00:49
10/26/2021,3,0,0,0,0,20,38,7.99,338,0,0,0,5.32,53,1.6962,0:01:55
10/27/2021,7,0,1,5,0,15,151,6.19,388,0,0,0,5.95,166,1.4694,0:00:31
10/28/2021,21,0,1,35,1,15,475,6.74,430,0,0,1,9.88,524,4.2963,0:00:29
10/29/2021,9,0,0,5,0,13,139,8.9,292,0,0,0,8.22,147,1.3387,0:00:32
10/30/2021,0,2,0,2,1,15,46,11.68,291,0,0,1,4.91,71,0.961,0:00:48
10/31/2021,2,0,0,-9,1,21,33,3.17,663,0,0,0,1.97,47,0.5927,0:00:45
11/1/2021,11,0,0,62,4,132,159,9.91,2776,1,1,3,1.98,339,29.8895,0:05:17
11/2/2021,13,0,0,35,0,104,168,7.81,1973,1,1,0,2.43,235,14.6608,0:03:44
11/3/2021,28,0,1,45,4,120,164,10.47,2322,1,1,3,2.53,322,31.2328,0:05:49
11/4/2021,2,0,0,22,0,62,88,5.47,1445,1,1,-2,5.35,144,6.8472,0:02:51
11/5/2021,18,0,2,27,0,78,368,10.1,762,1,1,0,8.07,442,3.9917,0:00:32
11/6/2021,35,0,6,58,4,106,636,8.63,1796,1,1,1,3.7,718,22.1784,0:01:51
11/7/2021,14,0,1,14,0,11,257,3.86,414,0,0,-1,16.91,264,6.8942,0:01:34
11/8/2021,22,0,1,50,7,124,158,8.68,2372,1,1,5,2.71,286,28.0695,0:05:53
11/9/2021,11,2,1,42,2,125,148,8.95,2247,1,2,2,3.68,294,30.6352,0:06:15
11/10/2021,7,0,0,44,2,119,142,6.42,2506,1,1,0,3.26,246,17.9568,0:04:22
11/11/2021,4,0,0,47,4,105,140,6.86,2887,1,1,3,2.59,242,21.9361,0:05:26
11/12/2021,7,0,-1,84,6,176,201,10.17,2772,2,2,2,2.87,445,24.8218,0:03:20
11/13/2021,3,0,0,65,6,139,165,8.61,3044,1,1,3,2.45,355,24.9192,0:04:12
11/14/2021,0,0,0,8,0,23,49,5.81,516,0,1,0,1.5,89,1.4442,0:00:58
11/15/2021,9,0,0,49,2,113,141,6.9,2551,2,3,1,4.95,269,20.497,0:04:34
11/16/2021,16,0,0,82,6,138,263,5.55,5659,1,1,5,3.48,458,37.4149,0:04:54
11/17/2021,7,0,0,43,2,123,156,9.63,2128,1,1,1,3.58,250,21.0249,0:05:02
11/18/2021,14,1,0,90,4,166,405,7.77,3451,2,2,3,3.38,621,31.1677,0:03:00
11/19/2021,42,0,0,73,5,132,609,6.95,3913,3,3,4,4.73,900,26.9236,0:01:47
11/20/2021,67,0,0,92,5,133,867,8.26,3098,2,2,2,4.9,1108,33.1958,0:01:47
11/21/2021,20,1,1,71,4,136,309,7.54,3303,2,2,4,4.71,474,39.3991,0:04:59
11/22/2021,2,0,0,28,6,57,112,5.67,1498,2,2,6,9.27,195,8.8748,0:02:43
11/23/2021,4,0,0,72,1,102,150,6.15,3482,2,3,1,3.3,359,20.2381,0:03:22
11/24/2021,35,0,2,43,3,193,584,5.18,1699,1,1,2,32.29,657,15.7042,0:01:26
11/25/2021,35,0,2,92,9,235,609,7.57,4887,1,2,7,3.04,885,41.0398,0:02:46
11/26/2021,5,0,-7,31,2,78,163,5.35,2151,1,1,-3,18.11,230,16.7309,0:04:21
11/27/2021,3,0,0,43,2,111,143,7.6,2277,1,1,1,3.2,250,16.4062,0:03:56
11/28/2021,2,0,0,28,5,81,118,5.38,2920,1,1,4,3.96,229,15.6316,0:04:05
11/29/2021,1,0,1,2,1,16,34,4.13,921,0,0,1,2.7,87,1.6841,0:01:09
11/30/2021,6,1,0,59,5,121,142,6.51,3410,2,2,5,3.43,296,33.3777,0:06:45
12/1/2021,2,0,0,31,2,109,135,7.4,2135,1,1,1,3.46,230,24.6423,0:06:25
12/2/2021,11,0,0,52,8,127,154,9.06,2848,1,1,1,2.5,328,35.4024,0:06:28
12/3/2021,8,0,1,33,3,114,145,8.47,2374,1,1,0,4.21,254,36.8662,0:08:42
12/4/2021,1,0,0,1,0,10,29,5.09,570,0,0,0,1.32,43,1.0174,0:01:25
12/5/2021,0,0,0,2,0,8,26,5.33,450,0,0,0,2.84,37,1.6858,0:02:44
12/6/2021,9,0,0,40,3,113,140,8.66,2159,2,2,3,3.91,260,25.692,0:05:55
12/7/2021,4,0,0,53,2,133,170,8.62,2761,1,1,0,2.64,349,22.1639,0:03:48
12/8/2021,5,0,0,30,2,113,139,9.43,1930,1,1,2,3.18,229,19.4446,0:05:05
12/9/2021,53,0,0,102,2,189,875,8.04,2551,1,1,2,3.65,1010,28.7565,0:01:42
12/10/2021,23,0,0,52,2,145,493,8.34,2351,1,1,2,2.55,629,20.4295,0:01:56
12/11/2021,3,1,0,5,0,20,51,6.69,628,0,0,0,3.65,65,1.5418,0:01:25
12/12/2021,3,0,0,31,4,103,123,6.78,2167,1,1,0,2.43,193,12.791,0:03:58
12/13/2021,5,0,0,43,2,115,143,8.04,2377,1,1,2,3.15,270,21.6236,0:04:48
12/14/2021,2,0,0,36,5,109,132,7.63,1835,1,1,2,3.81,196,15.4367,0:04:43
12/15/2021,4,0,0,34,3,102,116,8.09,1619,1,1,0,4.24,170,15.9136,0:05:36
12/16/2021,2,1,0,3,0,12,27,4.09,464,0,0,-1,1.38,44,0.5969,0:00:48
12/17/2021,5,0,0,27,0,74,94,6.46,1595,1,1,0,3,146,9.561,0:03:55
12/18/2021,8,0,0,19,2,70,90,5.26,1540,1,1,2,3.4,133,7.3558,0:03:19
12/19/2021,2,0,0,11,0,65,86,6.46,728,1,1,0,3.25,120,0.9659,0:00:28
12/20/2021,4,1,0,46,2,116,142,7.21,2287,1,1,2,4.02,253,22.6083,0:05:21
12/21/2021,13,0,0,45,3,119,146,7.74,2454,1,1,1,3.22,262,20.9185,0:04:47
12/22/2021,2,0,0,29,2,71,90,4.97,1893,1,1,2,4.12,143,12.8417,0:05:23
12/23/2021,6,0,0,45,2,76,97,7,1386,1,1,1,4.62,175,9.1352,0:03:07
12/24/2021,8,0,0,44,27,97,153,6.24,2851,1,1,26,2.52,290,15.2823,0:03:09
12/25/2021,2,0,0,3,0,12,28,4.9,449,0,0,0,2.15,31,0.4729,0:00:54
12/26/2021,0,0,0,1,0,11,24,6.23,321,0,0,0,3.38,28,0.5556,0:01:11
12/27/2021,3,0,0,1,1,15,30,3.98,679,0,0,1,1.37,68,0.7574,0:00:40
12/28/2021,0,0,0,0,2,11,29,5.41,481,0,0,2,1.57,54,0.8661,0:00:57
12/29/2021,3,2,0,45,0,118,144,7.94,2354,2,2,-1,4.51,255,19.658,0:04:37
12/30/2021,12,17,0,76,3,152,216,8.92,2276,0,0,3,16.22,404,9.9317,0:01:28
12/31/2021,7,9,1,52,6,136,171,8.5,2471,1,1,6,3.81,326,15.5835,0:02:52
1/9/2022,11,0,1,69,3,149,178,7.05,3446,1,3,3,2.03,357,25.3972,0:04:16
1/10/2022,15,2,1,124,33,197,434,5.9,8759,2,3,30,1.89,756,44.0431,0:03:29
1/11/2022,171,1,3,135,3,194,1824,6.66,4910,1,1,0,3.03,2101,34.873,0:00:59
1/12/2022,15,0,0,70,1,217,282,8.34,5312,1,1,-1,1.87,589,56.1935,0:05:43
1/13/2022,6,0,2,71,6,182,266,7.36,4919,1,1,5,2.56,495,45.354,0:05:29
1/14/2022,7,2,0,44,3,148,188,7.1,2973,1,1,2,5.8,302,29.0705,0:05:46
1/15/2022,8,1,0,38,3,135,180,5.21,3994,1,1,2,4.54,302,25.7799,0:05:07
1/16/2022,10,0,0,62,7,191,234,8.3,4239,1,1,6,3,471,44.2817,0:05:38
1/17/2022,2,1,0,5,1,28,51,3.27,1315,0,1,1,2.46,96,2.7103,0:01:41
1/18/2022,18,1,0,107,5,224,309,7.39,5155,2,2,4,2.72,569,35.5635,0:03:45
1/19/2022,152,0,4,95,2,162,1463,6.29,3531,1,1,2,4.39,1785,24.4002,0:00:49
1/20/2022,128,4,1,89,4,149,1524,5.25,3733,2,3,2,5.23,1670,15.9786,0:00:34
1/21/2022,6,0,0,59,13,187,240,6.08,4804,2,2,13,3.22,426,34.6992,0:04:53
1/22/2022,12,0,0,51,2,145,202,6.58,3083,1,1,-9,3.71,372,18.7132,0:03:01
1/23/2022,7,4,0,51,2,159,201,6.13,3603,1,1,0,3.02,332,29.2516,0:05:17
1/24/2022,12,1,0,46,3,148,185,7.2,3387,1,1,3,2.19,338,20.1279,0:03:34
1/25/2022,521,0,8,246,4,149,6177,5.94,3315,1,1,3,9.6,6747,65.8537,0:00:35
1/26/2022,18,1,-2,52,4,173,242,8.4,3310,1,1,3,3.35,493,35.291,0:04:17
1/27/2022,10,1,0,38,5,130,206,5.45,3227,1,1,5,4.29,343,16.2552,0:02:50
1/28/2022,5,0,0,53,2,165,244,8.18,2899,1,1,0,4.49,403,28.914,0:04:18
1/29/2022,9,2,0,48,3,107,217,4.45,4517,1,1,3,3.27,342,27.034,0:04:44
1/30/2022,11,4,0,45,5,130,167,6.2,3129,1,1,3,4.33,312,23.7556,0:04:34
1/31/2022,4,0,1,2,0,23,67,6.06,677,0,0,-2,4.3,101,2.8202,0:01:40
2/1/2022,13,0,0,44,2,106,139,6.88,2602,1,1,2,4.56,237,17.4242,0:04:24
2/2/2022,35,0,1,72,4,183,650,10.57,5821,1,1,3,1.41,837,36.951,0:02:38
2/3/2022,4,0,0,0,0,16,44,5.32,601,0,0,-1,1.13,58,1.0215,0:01:03
2/4/2022,3,0,2,25,0,121,142,10.18,1081,1,1,0,5.88,216,3.3236,0:00:55
2/5/2022,2,0,0,6,1,31,45,6.3,857,0,0,1,4.95,116,1.5632,0:00:48
2/6/2022,9,0,0,55,4,150,190,7.31,3186,1,1,4,2.76,335,25.0035,0:04:28
2/7/2022,4,1,0,45,5,135,168,7.57,2775,1,1,5,2.55,281,16.0199,0:03:25
2/8/2022,10,0,1,33,2,119,160,5.35,3292,1,1,0,5.41,248,20.6454,0:04:59
2/9/2022,9,1,0,47,3,136,161,8.37,2306,1,1,1,3.03,295,20.9744,0:04:15
2/10/2022,7,0,0,54,8,160,194,8.74,3042,1,1,7,3.21,347,27.8253,0:04:48
2/11/2022,1,0,0,3,2,17,30,6.73,416,0,0,-1,2.52,49,1.1557,0:01:24
2/12/2022,0,0,0,13,1,62,80,9.72,648,1,1,0,4.09,102,0.7912,0:00:27
2/13/2022,88,3,1,22,1,46,712,8.53,692,0,0,0,14.08,760,3.378,0:00:16
2/14/2022,3,0,0,17,0,84,103,8.56,841,1,1,0,3.82,157,1.3878,0:00:31
2/15/2022,71,0,0,14,0,46,621,7.46,563,0,0,0,16.19,676,3.4427,0:00:18
2/16/2022,106,0,2,26,1,58,740,11.11,486,1,1,1,14.6,800,3.1559,0:00:14
2/17/2022,6,1,0,6,0,49,78,7.39,677,0,0,0,3.77,101,1.5931,0:00:56
2/18/2022,1,0,0,6,1,28,61,6.85,657,0,0,1,3.01,84,1.0784,0:00:46
2/19/2022,114,0,2,13,0,30,830,8.92,437,1,1,0,10.2,834,3.7389,0:00:16
2/20/2022,4,1,0,39,0,94,112,6.79,1841,0,0,0,3.59,179,17.1155,0:05:44
2/21/2022,6,0,0,33,0,133,147,7.57,2219,1,1,0,2.59,241,18.1139,0:04:30
2/22/2022,4,0,0,31,1,109,135,7.44,2204,1,1,1,2.79,217,14.8587,0:04:06
2/23/2022,11,1,0,36,0,117,153,6.35,2804,1,1,0,1.88,256,10.7897,0:02:31
2/24/2022,7,0,1,32,1,115,130,7.73,2121,1,1,0,2.56,211,16.061,0:04:34
2/25/2022,2,0,0,31,1,97,117,5.25,2287,1,1,1,3.65,185,12.5887,0:04:04
2/26/2022,1,0,0,-2,1,16,27,7.19,320,0,0,1,4.47,40,1.5045,0:02:15
2/27/2022,11,1,0,34,2,95,117,6.14,2427,1,1,1,4.57,202,18.9994,0:05:38
2/28/2022,5,0,0,36,0,119,153,5.96,3271,1,1,-1,2.74,253,17.8018,0:04:13
3/1/2022,4,0,0,27,0,96,114,7.55,2053,1,1,0,5.04,203,18.7237,0:05:32
3/2/2022,10,0,0,42,1,111,129,7.28,2047,1,1,1,3.52,203,19.7668,0:05:50
3/3/2022,9,0,1,34,0,93,112,7.62,1732,1,1,0,4.47,169,20.6677,0:07:20
3/4/2022,7,1,2,33,3,99,115,7.97,1756,1,1,2,4.16,187,16.9351,0:05:26
3/5/2022,0,0,0,8,0,26,45,10.09,426,1,1,0,2.89,79,1.3981,0:01:03
3/6/2022,363,0,9,188,6,155,5096,6.97,3427,2,2,2,9.5,5473,40.4949,0:00:26
3/7/2022,8,0,1,36,1,112,158,5.49,3750,1,1,1,4.64,312,21.775,0:04:11
3/8/2022,1,1,0,4,0,27,35,3.68,598,0,0,-1,5.39,92,1.4034,0:00:54
3/9/2022,11,0,1,43,3,120,140,8.84,1856,1,1,3,2.59,248,17.2158,0:04:09
3/10/2022,6,0,0,23,1,73,91,6.41,1202,0,1,0,3.97,139,6.4333,0:02:46
3/11/2022,4,0,0,23,1,92,102,7.89,1178,1,1,0,3.72,134,7.722,0:03:27
3/12/2022,0,0,0,1,0,12,29,5.34,356,0,0,0,1.61,63,0.5036,0:00:28
3/13/2022,10,0,0,30,0,87,112,6.96,2156,1,1,-1,2.75,211,12.4438,0:03:32
3/14/2022,9,0,0,37,0,84,106,6.25,2241,1,1,0,4.16,193,14.2338,0:04:25
3/15/2022,12,0,1,34,2,111,134,7.04,2302,1,1,2,2.19,222,13.457,0:03:38
3/16/2022,4,0,0,35,0,84,103,7.77,1505,1,1,-2,2.75,189,9.7407,0:03:05
3/17/2022,0,0,0,8,1,18,35,4.38,617,0,0,0,2.51,72,0.9534,0:00:47
3/18/2022,2,0,0,23,0,71,78,5.88,1208,1,1,-1,3.48,110,4.4842,0:02:26
3/19/2022,4,0,0,23,2,66,77,4.22,1659,1,1,2,4.43,124,8.6049,0:04:09
3/20/2022,7,0,0,28,1,78,91,5.4,2075,1,2,0,3.75,178,14.5133,0:04:53
3/21/2022,5,1,2,30,2,85,96,5.44,2023,1,1,2,2.86,156,8.944,0:03:26
3/22/2022,2,0,0,26,0,77,87,7.09,1523,1,1,-2,2.61,150,8.3725,0:03:20
3/23/2022,10,1,-1,55,0,104,127,6.51,2487,2,2,-3,3.45,237,16.8591,0:04:16
3/24/2022,10,0,0,26,1,80,115,7.18,1531,1,1,0,3.09,177,6.7602,0:02:17
3/25/2022,6,1,0,1,1,14,54,2.89,1383,0,0,1,2,70,1.377,0:01:10
3/26/2022,13,0,2,38,3,104,133,7.62,2256,1,1,3,3.09,251,22.7707,0:05:26
3/27/2022,14,0,1,20,0,69,89,6.63,1584,1,1,-1,3.23,150,8.1708,0:03:16
3/28/2022,1,0,0,9,0,47,66,8.3,542,1,1,-1,4.52,114,1.1305,0:00:35
3/29/2022,12,0,6,39,1,126,165,7.66,2402,1,1,0,2.91,275,21.7036,0:04:44
3/30/2022,3,0,0,9,0,37,63,4.05,1209,1,1,0,1.5,97,0.6227,0:00:23
3/31/2022,4,1,0,28,1,78,93,6.47,1592,1,1,1,3.4,152,9.555,0:03:46
4/1/2022,2,0,0,3,1,6,47,2.22,1169,0,0,1,0.68,52,0.6071,0:00:42
4/2/2022,2,1,0,1,0,12,25,3.61,277,0,0,-2,2.38,28,0.5043,0:01:04
4/3/2022,2,0,0,2,0,12,28,6.49,262,0,0,0,3.52,35,0.8635,0:01:28
4/4/2022,3,0,0,0,0,12,31,9.64,249,0,0,0,1.88,47,0.4499,0:00:34
4/5/2022,23,1,0,45,3,119,151,10.07,1718,1,1,3,2.71,250,10.7816,0:02:35
4/6/2022,16,0,0,22,1,65,149,4.48,2858,1,1,0,2.72,208,9.6827,0:02:47
4/7/2022,6,0,0,27,0,78,101,6.33,1802,1,1,0,2.77,170,11.4434,0:04:02
4/8/2022,3,0,0,23,1,29,72,6.6,1137,1,1,0,5.85,115,7.8339,0:04:05
4/9/2022,0,0,0,0,0,13,24,6.51,307,0,0,0,1.42,46,0.3616,0:00:28
4/10/2022,5,1,2,16,0,40,122,7.38,610,1,1,0,6.7,165,1.4495,0:00:31
4/11/2022,6,0,0,44,3,71,133,6.55,1497,1,1,3,7.61,213,12.3664,0:03:29
4/12/2022,14,0,0,8,1,15,219,2.87,1082,0,0,0,4.82,235,2.2413,0:00:34
4/13/2022,6,0,1,27,0,62,73,7.39,1096,1,1,-2,3.84,106,7.0618,0:03:59
4/14/2022,0,0,0,0,0,13,23,5.23,306,0,0,0,0.59,25,0.1591,0:00:22
4/15/2022,0,0,0,1,0,9,15,4.74,274,0,0,0,3.2,19,0.3941,0:01:14
4/16/2022,1,0,0,0,1,5,19,3.74,348,0,0,1,1.08,24,0.3253,0:00:48
4/17/2022,0,0,0,3,0,8,21,6.36,220,0,0,0,1.66,33,0.2058,0:00:22
4/18/2022,5,0,1,24,1,63,81,6.14,1628,1,1,1,3.92,136,14.1221,0:06:13
4/19/2022,2,0,0,1,0,8,23,6.4,297,0,0,-1,1.75,27,0.4782,0:01:03
4/20/2022,0,0,0,3,0,5,22,6.22,193,0,0,0,1.68,29,0.424,0:00:52
4/21/2022,1,0,0,0,0,7,16,7.6,171,0,0,0,2.94,18,0.2453,0:00:49
4/22/2022,4,0,0,23,1,68,80,6.19,1583,1,1,1,3.76,126,13.1253,0:06:15
4/23/2022,1,0,0,1,0,4,8,0.54,370,0,0,0,0.86,8,0.0526,0:00:23
4/24/2022,9,0,1,19,0,38,144,12.78,712,2,2,0,6.05,196,1.0293,0:00:18
4/25/2022,32,0,0,55,2,139,335,9.22,3525,1,1,0,2.68,501,20.5078,0:02:27
4/26/2022,13,0,0,2,0,17,115,7.08,1412,0,0,-1,0.43,128,0.9055,0:00:25
4/27/2022,17,0,0,66,2,139,259,7.13,4108,2,2,1,3.74,403,18.7258,0:02:47
4/28/2022,143,0,2,65,4,147,1891,5.09,35468,1,1,4,1.07,2082,37.2433,0:01:04
4/29/2022,145,1,3,57,4,200,1750,6.67,26492,1,1,4,1.35,1993,50.5612,0:01:31
4/30/2022,9,0,2,40,0,101,188,5.88,3501,1,1,-1,3.62,285,19.9217,0:04:11
5/1/2022,6,1,0,0,0,20,126,4.1,2680,0,0,0,0.89,151,1.9463,0:00:46
5/2/2022,15,0,0,6,1,23,121,6.12,1601,0,0,1,1.37,134,2.6273,0:01:10
5/3/2022,12,0,0,41,0,119,145,11.73,1654,1,1,0,3.46,261,16.7536,0:03:51
5/4/2022,6,0,0,35,2,95,127,7.6,2027,1,1,1,3.38,206,11.8371,0:03:26
5/5/2022,63,0,2,34,1,60,689,8.34,923,1,1,0,11.71,789,4.7803,0:00:21
5/6/2022,53,1,0,23,1,28,779,6.58,486,0,0,1,24.5,804,6.5864,0:00:29
5/7/2022,66,0,2,6,0,22,339,8.03,473,0,0,-1,8.34,380,3.4293,0:00:32
5/8/2022,6,0,0,2,1,14,33,4.34,392,0,0,1,5.54,39,0.9575,0:01:28
5/9/2022,7,0,0,0,0,10,24,5.65,248,0,0,-1,1.94,27,0.213,0:00:28
5/10/2022,54,1,0,14,0,64,84,9.9,606,1,1,0,10.42,154,2.2503,0:00:52
5/11/2022,107,0,3,66,0,106,1319,6.92,1995,1,1,-1,4.86,1419,18.9289,0:00:48
5/12/2022,5,0,0,8,0,24,64,2.57,855,0,0,0,1.17,76,0.6137,0:00:29
5/13/2022,0,0,0,0,0,11,19,6.4,203,0,0,-1,2.21,24,0.3555,0:00:53
5/14/2022,2,0,0,2,0,13,24,3.77,424,0,0,0,1.43,31,0.3874,0:00:44
5/15/2022,1,0,0,0,0,9,22,6.45,186,0,0,-1,2.3,25,0.2548,0:00:36
5/16/2022,10,0,0,27,0,75,103,6.53,1592,1,1,0,4.09,138,9.5522,0:04:09
5/17/2022,1,0,0,0,1,7,24,1.66,964,0,0,-1,1.29,27,0.4709,0:01:02
5/18/2022,4,0,0,0,0,5,19,4,325,0,0,0,1.49,29,0.3142,0:00:39
5/19/2022,1,0,0,0,0,5,12,6.05,248,0,0,0,0.61,19,0.1107,0:00:20
5/20/2022,0,0,0,0,0,3,5,3.52,142,0,0,0,2.4,5,0.1036,0:01:14
5/21/2022,2,0,0,4,0,17,26,4.88,410,0,1,0,5.97,41,2.9455,0:04:18
5/22/2022,15,0,0,0,0,7,21,6.75,326,0,0,0,1.65,50,0.6173,0:00:44
5/23/2022,12,0,1,3,1,68,81,8.59,1304,1,1,1,3.61,142,10.264,0:04:20
5/24/2022,3,0,0,1,0,5,10,4.05,148,0,0,0,1.47,16,0.1881,0:00:42
5/25/2022,1,0,0,0,0,7,14,5.14,214,0,0,0,1.47,16,0.2293,0:00:51
5/26/2022,1,0,0,3,0,16,17,4.2,286,0,0,0,4.63,20,0.6556,0:01:57
5/27/2022,0,0,0,1,0,12,14,9.48,116,0,0,0,1.04,18,0.1344,0:00:26
5/28/2022,0,0,0,0,0,7,10,5.56,90,0,0,-1,2.84,10,0.1509,0:00:54
5/29/2022,0,0,0,1,1,1,10,8.44,154,0,0,-1,1.24,16,0.1894,0:00:42
5/30/2022,0,0,0,0,0,5,9,4.97,181,0,0,-1,0.91,12,0.1424,0:00:42
5/31/2022,2,0,0,0,0,6,14,7.86,140,0,0,0,2.36,24,0.4218,0:01:03
6/1/2022,8,1,0,34,1,89,113,7.4,2026,1,1,1,4.56,207,15.2924,0:04:25
6/2/2022,2,0,0,2,0,7,52,2.34,1923,0,0,0,3.18,52,2.559,0:02:57
6/3/2022,3,0,0,1,1,6,33,3.37,861,0,0,0,1.14,35,0.5711,0:00:58
6/4/2022,10,0,0,31,2,71,85,8.57,1319,1,1,2,4.14,148,13.1152,0:05:19
6/5/2022,62,0,2,59,3,66,979,9.18,784,1,1,3,10.1,1035,3.9384,0:00:13
6/6/2022,7,0,0,4,0,18,29,4.87,534,0,0,0,5.35,40,0.7144,0:01:04
6/7/2022,3,0,0,1,0,10,25,6.52,184,0,0,0,2,26,0.1157,0:00:16
6/8/2022,0,0,0,0,0,10,23,8.29,205,0,0,-1,1.66,25,0.3141,0:00:45
6/9/2022,85,9,2,54,0,78,438,9.26,4458,1,1,0,17.65,571,7.785,0:00:49
6/10/2022,224,70,2,63,8,70,2102,7.8,26237,0,0,8,29.91,2364,27.7684,0:00:42
6/11/2022,32,5,0,45,2,91,111,5.85,2648,1,1,2,4.57,216,14.1537,0:03:55
6/12/2022,7,2,0,2,0,14,45,4.42,1018,0,0,0,1.44,81,0.9625,0:00:42
6/13/2022,1,0,0,0,0,9,26,8.88,214,0,0,0,5.72,34,1.7693,0:03:07
6/14/2022,7,0,0,1,2,17,32,9.12,318,0,0,1,5.29,42,0.6894,0:00:59
6/15/2022,37,2,1,58,0,105,141,10.16,1476,1,1,0,12.29,251,4.6561,0:01:06
6/16/2022,5,0,0,4,1,19,72,5.12,1269,0,0,1,4.59,81,0.9004,0:00:40
6/17/2022,7,0,0,13,1,12,26,7.96,314,0,0,1,3.75,36,0.5991,0:00:59
6/18/2022,1,0,0,8,0,18,31,6.47,433,0,0,0,7.7,38,0.4239,0:00:40
6/19/2022,3,0,0,2,0,8,24,9.73,185,0,0,0,1.84,28,0.3118,0:00:40
6/20/2022,2,0,0,4,1,7,21,9.52,231,0,0,1,3.52,29,0.5867,0:01:12
6/21/2022,1,0,0,2,0,11,24,10.74,242,0,0,0,3.1,33,0.4247,0:00:46
6/22/2022,19,1,0,33,1,95,158,13.18,1214,1,1,0,4.12,211,13.4383,0:03:49
6/23/2022,0,0,0,2,0,11,28,5.31,490,0,0,0,1.95,34,0.8878,0:01:34
6/24/2022,10,0,0,2,1,9,125,3.65,2905,0,0,1,0.8,129,1.6316,0:00:45
6/25/2022,19,0,0,4,0,13,197,3.23,5475,0,0,0,0.87,208,2.8742,0:00:49
6/26/2022,9,2,0,1,0,11,168,3,4840,0,0,0,1.91,180,5.2239,0:01:44
6/27/2022,1,0,0,2,0,3,16,7.79,154,0,0,-1,1.07,18,0.2831,0:00:56
6/28/2022,1,0,0,2,0,6,20,5.92,304,0,0,0,6.9,25,1.5588,0:03:44
6/29/2022,2,0,0,0,0,5,14,7.3,178,0,0,0,1.53,15,0.1705,0:00:40
6/30/2022,0,0,0,4,1,7,15,2.99,569,0,0,1,2.4,23,0.366,0:00:57
7/1/2022,2,1,1,4,0,9,14,6.8,147,0,0,-1,3.06,16,0.4245,0:01:35
7/2/2022,2,0,0,1,0,3,17,5.02,319,0,0,0,2,32,0.4144,0:00:46
7/3/2022,4,0,0,1,0,5,12,5.16,213,0,0,0,1.92,17,0.254,0:00:53
7/4/2022,0,0,0,0,0,4,14,6.36,173,0,0,-1,9.37,15,0.208,0:00:49
7/5/2022,5,0,0,1,1,3,13,3.77,371,0,0,1,2.36,22,0.2827,0:00:46
7/6/2022,4,0,0,0,0,3,14,9.38,96,0,0,0,1.25,17,0.3105,0:01:05
7/7/2022,2,0,0,0,0,0,6,3.45,116,0,0,0,4.9,6,0.4208,0:04:12
7/8/2022,0,0,0,0,0,2,11,4.14,145,0,0,0,0.5,11,0.0616,0:00:20
7/9/2022,0,0,0,0,1,1,6,1.35,371,0,0,1,0.71,6,0.0405,0:00:24
7/10/2022,0,0,0,-1,0,4,14,10.08,119,0,0,0,1.54,29,0.1614,0:00:20
7/11/2022,0,1,0,0,0,4,14,7.77,206,0,0,-1,1.25,19,0.1523,0:00:28
7/12/2022,3,0,0,0,0,1,17,14.42,104,0,0,0,0.94,19,0.1698,0:00:32
7/13/2022,6,0,0,1,0,3,16,8.21,195,0,1,0,1.91,24,0.2584,0:00:38
7/14/2022,2,0,0,1,0,3,14,5.08,295,0,0,0,0.99,18,0.245,0:00:49
7/15/2022,2,0,0,0,0,0,10,5.95,84,0,0,0,6.22,10,0.1895,0:01:08
7/16/2022,0,0,0,0,0,1,7,7.32,82,0,0,0,1.58,9,0.1337,0:00:53
7/17/2022,0,0,0,0,0,0,7,6.38,94,0,0,-1,1.24,10,0.1606,0:00:57
7/18/2022,1,0,0,1,0,5,12,12.2,82,0,0,-1,2.64,12,0.2327,0:01:09
7/19/2022,5,0,0,0,0,2,14,7.07,198,0,0,0,0.8,21,0.2464,0:00:42
7/20/2022,1,0,0,0,0,3,19,9.2,163,0,0,0,1.15,24,0.1951,0:00:29
7/21/2022,2,0,0,2,0,2,18,5.32,357,0,0,0,3.49,24,0.4946,0:01:14
7/22/2022,3,0,0,0,0,3,22,6.97,244,0,0,-1,3.15,26,0.6778,0:01:33
7/23/2022,1,0,0,1,0,2,15,5.99,284,0,0,-1,2.33,20,0.6228,0:01:52
7/24/2022,1,0,0,0,0,2,14,7.74,168,0,0,0,2.05,16,0.209,0:00:47
7/25/2022,1,0,0,2,0,3,12,10.23,88,0,0,0,10.97,13,1.0105,0:04:39
7/26/2022,1,0,0,0,0,1,12,11.11,99,0,0,0,1.42,13,0.1682,0:00:46
7/27/2022,0,0,0,0,0,5,8,10.26,78,0,0,0,3.85,11,0.1944,0:01:03
7/28/2022,1,0,0,0,0,2,12,10.53,95,0,0,0,2.82,12,0.1657,0:00:49
7/29/2022,3,1,0,0,0,0,9,9.33,75,0,0,0,49.59,10,0.1492,0:00:53
7/30/2022,1,0,0,0,0,0,8,5.47,128,0,0,0,0.76,8,0.0437,0:00:19
7/31/2022,65,4,0,45,2,82,119,10.11,1147,1,1,0,13.6,233,3.0149,0:00:46
8/1/2022,31,3,0,9,2,31,51,5.33,919,0,0,2,5.01,100,1.2235,0:00:44
8/2/2022,3,0,0,1,1,10,19,8.54,281,0,0,0,8.22,34,0.3353,0:00:35
8/3/2022,8,0,1,1,0,7,17,5.95,168,0,0,0,9.14,23,0.2997,0:00:46
8/4/2022,4,0,0,2,0,7,14,6.38,188,0,0,0,1.29,18,0.136,0:00:27
8/5/2022,3,0,0,2,0,4,21,11.23,187,0,0,-1,2.58,25,0.3552,0:00:51
8/6/2022,2,0,0,1,0,5,19,6.37,251,0,0,-1,1.66,23,0.2285,0:00:35
8/7/2022,1,0,0,1,0,0,12,6.82,132,0,0,0,4.24,13,0.1169,0:00:32
8/8/2022,3,1,0,1,0,4,25,8.57,350,0,0,-1,2.18,46,0.7737,0:01:00
8/9/2022,112,0,0,37,0,74,1193,14.8,6540,1,1,0,27.05,1394,9.9309,0:00:25
8/10/2022,24,0,0,1,0,33,283,9.12,2544,0,0,-1,12.79,315,2.3385,0:00:26
8/11/2022,8,0,1,1,0,10,112,9.36,823,0,0,0,4.39,127,0.8813,0:00:24
8/12/2022,9,0,0,0,1,11,76,11.04,498,0,0,1,3.23,88,0.535,0:00:21
8/13/2022,3,0,0,5,0,1,55,13.06,360,0,0,0,13.18,68,0.4811,0:00:25
8/14/2022,3,0,0,1,0,6,49,10.21,431,0,0,0,2.51,54,0.4448,0:00:29
8/15/2022,2,0,0,0,0,3,38,14.04,228,0,0,-1,1.98,42,0.3558,0:00:30
8/16/2022,26,0,0,13,0,37,67,10.7,654,1,1,0,10.33,112,1.5662,0:00:50
8/17/2022,11,0,0,1,1,15,37,8.66,404,0,0,0,6.99,49,0.6739,0:00:49
8/18/2022,5,0,0,1,0,5,29,3.46,723,0,0,0,4.85,34,0.3186,0:00:33
8/19/2022,9,0,0,0,0,6,15,3.47,375,0,0,0,12.95,22,1.243,0:03:23
8/20/2022,1,0,0,2,0,6,19,6.7,209,0,0,0,3.45,21,0.5657,0:01:36
8/21/2022,2,0,0,2,0,8,19,6.17,162,0,0,-1,33.21,25,0.3111,0:00:44
8/22/2022,2,0,0,1,1,3,13,8.52,176,0,0,0,4.45,18,0.1565,0:00:31
8/23/2022,1,0,0,0,0,4,12,6.8,103,0,0,0,0.88,15,0.1496,0:00:35
8/24/2022,1,0,0,0,0,4,8,4.81,104,0,0,0,4.19,14,0.1362,0:00:35
8/25/2022,0,0,0,0,0,3,10,5.88,102,0,0,0,12.04,10,0.0639,0:00:23
8/26/2022,1,0,0,0,0,1,6,5.13,117,0,0,-1,1.12,8,0.0643,0:00:28
8/27/2022,1,0,0,0,0,0,13,9.78,92,0,0,-1,1.42,14,0.0831,0:00:21
8/28/2022,4,0,0,0,0,6,12,9.2,87,0,0,0,3.03,13,0.2121,0:00:58
8/29/2022,3,0,0,0,0,4,12,7.44,121,0,0,-1,6.64,12,0.2152,0:01:04
8/30/2022,0,0,0,-2,0,1,7,4.59,109,0,0,0,1.18,7,0.1008,0:00:51
8/31/2022,0,0,0,0,1,0,10,6.8,103,0,0,0,2.65,11,0.0802,0:00:26
9/1/2022,1,0,0,0,1,1,6,3.17,126,0,0,1,0.26,8,0.0153,0:00:06
9/2/2022,3,0,0,2,0,3,11,4.17,288,0,0,0,19.86,20,0.3295,0:00:59
9/3/2022,4,0,0,0,0,2,6,1.38,218,0,0,0,5.26,9,0.3042,0:02:01
9/4/2022,3,0,0,0,0,3,12,6.45,155,0,1,-1,0.52,12,0.0745,0:00:22
9/5/2022,4,0,0,1,0,2,14,14.29,77,0,0,0,3.52,17,0.1094,0:00:23
9/6/2022,0,0,0,2,0,3,15,11.96,92,0,0,0,6.83,15,0.3701,0:01:28
9/7/2022,3,0,0,0,0,0,9,5.75,87,0,0,0,0.82,12,0.0471,0:00:14
9/8/2022,0,1,0,5,2,1,11,5.83,343,0,0,2,3.37,26,0.3308,0:00:45
9/9/2022,0,0,0,0,0,2,7,4.85,103,0,0,0,4,7,0.0863,0:00:44
9/10/2022,0,0,0,0,0,1,6,6.98,86,0,0,0,4.87,8,0.1288,0:00:57
9/11/2022,0,0,0,1,0,2,15,2.63,457,0,0,0,1.16,20,0.1746,0:00:31
9/12/2022,0,0,0,0,0,2,8,9.72,72,0,0,0,1.15,14,0.1896,0:00:48
9/13/2022,2,0,0,2,0,2,5,7.02,114,0,0,0,4.14,12,0.7683,0:03:50
9/14/2022,1,0,0,0,2,2,7,5.36,224,0,0,2,9.33,15,0.297,0:01:11
9/15/2022,2,0,0,1,0,2,6,5,80,0,0,0,3.32,9,0.0961,0:00:38
9/16/2022,0,0,0,0,0,0,3,2.94,102,0,0,0,25.37,3,0.0288,0:00:34
